<?xml version="1.0" encoding="UTF-8"?>
<!DOCTYPE xml>


<configuration>

    <appender name="STDOUT" class="ch.qos.logback.core.ConsoleAppender">
        <!-- encoders are assigned the type ch.qos.logback.classic.encoder.PatternLayoutEncoder by default -->
        <encoder>
            <pattern>%d{HH:mm:ss.SSS} [%thread] %-5level %logger{36} - %msg%n</pattern>
        </encoder>
    </appender>

    <appender name="FILE" class="ch.qos.logback.core.rolling.RollingFileAppender">
        <rollingPolicy class="ch.qos.logback.core.rolling.TimeBasedRollingPolicy">
            <!-- daily rollover -->
            <fileNamePattern>/home/excilys/git/repository/CDB/log_files/logFile.%d{yyyy-MM-dd}.log</fileNamePattern>
            <!-- keep 3 days' worth of history -->
            <maxHistory>3</maxHistory>
        </rollingPolicy>
		<filter class="ch.qos.logback.classic.filter.ThresholdFilter">
      		<level>INFO</level>
    	</filter>
        <encoder>
            <pattern>%d{yyyy-MM-dd|HH:mm:ss.SSS}  %-4relative [%thread] %-5level %logger{35} - %msg%n</pattern>
        </encoder>
    </appender>

    <root level="debug" additivity="false">
        <appender-ref ref="STDOUT"/>
        <appender-ref ref="FILE"/>
    </root>

    <logger name="com.zaxxer.hikari.pool.PoolBase" level="ERROR"/>
    <logger name="com.zaxxer.hikari.pool.HikariPool" level="ERROR"/>
    <logger name="com.zaxxer.hikari.HikariDataSource" level="ERROR"/>
    <logger name="com.zaxxer.hikari.HikariConfig" level="ERROR"/>

</configuration>

